profileID,respID,qID,altID,obsID,type,price,compatability,capacity,range,choice,session_id
179,1,1,1,1,Card,100,iOS,3,3,0,session_1
14,1,1,2,1,Ring,25,Android,1,1,0,session_1
195,1,1,3,1,Card,25,Android,5,3,1,session_1
306,1,2,1,2,Ring,50,Android,5,5,1,session_1
118,1,2,2,2,Ring,100,Both,1,3,0,session_1
299,1,2,3,2,Card,100,Both,5,5,0,session_1
229,1,3,1,3,Bracelet,25,Android,1,5,1,session_1
244,1,3,2,3,Implant,25,iOS,1,5,0,session_1
14,1,3,3,3,Ring,25,Android,1,1,0,session_1
153,1,4,1,4,Bracelet,100,Both,3,3,0,session_1
90,1,4,2,4,Ring,50,Android,5,1,1,session_1
91,1,4,3,4,Card,50,Android,5,1,0,session_1
256,1,5,1,5,Implant,25,Both,3,5,1,session_1
197,1,5,2,5,Bracelet,50,Android,5,3,0,session_1
91,1,5,3,5,Card,50,Android,5,1,0,session_1
137,1,6,1,6,Bracelet,50,iOS,1,3,0,session_1
26,1,6,2,6,Ring,25,iOS,1,1,1,session_1
7,1,6,3,6,Card,50,Both,1,1,0,session_1
137,2,1,1,7,Bracelet,50,iOS,1,3,0,session_2
254,2,1,2,7,Ring,25,Both,3,5,0,session_2
211,2,1,3,7,Card,50,iOS,5,3,1,session_2
78,2,2,1,8,Ring,50,Both,5,1,1,session_2
81,2,2,2,8,Bracelet,100,Both,5,1,0,session_2
43,2,2,3,8,Card,50,Both,3,1,0,session_2
143,2,3,1,9,Card,100,iOS,1,3,0,session_2
32,2,3,2,9,Implant,50,iOS,1,1,0,session_2
109,2,3,3,9,Bracelet,25,Both,1,3,1,session_2
263,2,4,1,10,Card,100,Both,3,5,0,session_2
23,2,4,2,10,Card,100,Android,1,1,0,session_2
309,2,4,3,10,Bracelet,100,Android,5,5,1,session_2
135,2,5,1,11,Card,25,iOS,1,3,1,session_2
309,2,5,2,11,Bracelet,100,Android,5,5,0,session_2
224,2,5,3,11,Implant,50,Both,1,5,0,session_2
166,2,6,1,12,Ring,100,Android,3,3,0,session_2
217,2,6,2,12,Bracelet,25,Both,1,5,0,session_2
290,2,6,3,12,Ring,25,Both,5,5,1,session_2
69,3,1,1,13,Bracelet,100,iOS,3,1,0,session_3
72,3,1,2,13,Implant,100,iOS,3,1,0,session_3
76,3,1,3,13,Implant,25,Both,5,1,1,session_3
63,3,2,1,14,Card,25,iOS,3,1,0,session_3
141,3,2,2,14,Bracelet,100,iOS,1,3,0,session_3
210,3,2,3,14,Ring,50,iOS,5,3,1,session_3
153,3,3,1,15,Bracelet,100,Both,3,3,0,session_3
294,3,3,2,15,Ring,50,Both,5,5,1,session_3
277,3,3,3,15,Bracelet,25,iOS,3,5,0,session_3
41,3,4,1,16,Bracelet,50,Both,3,1,0,session_3
90,3,4,2,16,Ring,50,Android,5,1,0,session_3
316,3,4,3,16,Implant,25,iOS,5,5,1,session_3
223,3,5,1,17,Card,50,Both,1,5,1,session_3
16,3,5,2,17,Implant,25,Android,1,1,0,session_3
116,3,5,3,17,Implant,50,Both,1,3,0,session_3
94,3,6,1,18,Ring,100,Android,5,1,0,session_3
262,3,6,2,18,Ring,100,Both,3,5,1,session_3
235,3,6,3,18,Card,50,Android,1,5,0,session_3
86,4,1,1,19,Ring,25,Android,5,1,0,session_4
39,4,1,2,19,Card,25,Both,3,1,1,session_4
159,4,1,3,19,Card,25,Android,3,3,0,session_4
240,4,2,1,20,Implant,100,Android,1,5,0,session_4
209,4,2,2,20,Bracelet,50,iOS,5,3,1,session_4
306,4,2,3,20,Ring,50,Android,5,5,0,session_4
34,4,3,1,21,Ring,100,iOS,1,1,1,session_4
4,4,3,2,21,Implant,25,Both,1,1,0,session_4
13,4,3,3,21,Bracelet,25,Android,1,1,0,session_4
69,4,4,1,22,Bracelet,100,iOS,3,1,0,session_4
243,4,4,2,22,Card,25,iOS,1,5,0,session_4
308,4,4,3,22,Implant,50,Android,5,5,1,session_4
278,4,5,1,23,Ring,25,iOS,3,5,1,session_4
89,4,5,2,23,Bracelet,50,Android,5,1,0,session_4
25,4,5,3,23,Bracelet,25,iOS,1,1,0,session_4
291,4,6,1,24,Card,25,Both,5,5,1,session_4
286,4,6,2,24,Ring,100,iOS,3,5,0,session_4
159,4,6,3,24,Card,25,Android,3,3,0,session_4
121,5,1,1,25,Bracelet,25,Android,1,3,0,session_5
110,5,1,2,25,Ring,25,Both,1,3,1,session_5
158,5,1,3,25,Ring,25,Android,3,3,0,session_5
64,5,2,1,26,Implant,25,iOS,3,1,0,session_5
199,5,2,2,26,Card,50,Android,5,3,1,session_5
67,5,2,3,26,Card,50,iOS,3,1,0,session_5
151,5,3,1,27,Card,50,Both,3,3,1,session_5
85,5,3,2,27,Bracelet,25,Android,5,1,0,session_5
165,5,3,3,27,Bracelet,100,Android,3,3,0,session_5
136,5,4,1,28,Implant,25,iOS,1,3,0,session_5
51,5,4,2,28,Card,25,Android,3,1,0,session_5
74,5,4,3,28,Ring,25,Both,5,1,1,session_5
178,5,5,1,29,Ring,100,iOS,3,3,0,session_5
236,5,5,2,29,Implant,50,Android,1,5,0,session_5
98,5,5,3,29,Ring,25,iOS,5,1,1,session_5
214,5,6,1,30,Ring,100,iOS,5,3,1,session_5
127,5,6,2,30,Card,50,Android,1,3,0,session_5
212,5,6,3,30,Implant,50,iOS,5,3,0,session_5
174,6,1,1,31,Ring,50,iOS,3,3,0,session_6
273,6,1,2,31,Bracelet,100,Android,3,5,0,session_6
302,6,1,3,31,Ring,25,Android,5,5,1,session_6
310,6,2,1,32,Ring,100,Android,5,5,1,session_6
232,6,2,2,32,Implant,25,Android,1,5,0,session_6
243,6,2,3,32,Card,25,iOS,1,5,0,session_6
280,6,3,1,33,Implant,25,iOS,3,5,1,session_6
113,6,3,2,33,Bracelet,50,Both,1,3,0,session_6
107,6,3,3,33,Card,100,iOS,5,1,0,session_6
151,6,4,1,34,Card,50,Both,3,3,0,session_6
154,6,4,2,34,Ring,100,Both,3,3,0,session_6
102,6,4,3,34,Ring,50,iOS,5,1,1,session_6
255,6,5,1,35,Card,25,Both,3,5,1,session_6
160,6,5,2,35,Implant,25,Android,3,3,0,session_6
155,6,5,3,35,Card,100,Both,3,3,0,session_6
5,6,6,1,36,Bracelet,50,Both,1,1,0,session_6
272,6,6,2,36,Implant,50,Android,3,5,0,session_6
280,6,6,3,36,Implant,25,iOS,3,5,1,session_6
288,7,1,1,37,Implant,100,iOS,3,5,0,session_7
277,7,1,2,37,Bracelet,25,iOS,3,5,1,session_7
55,7,1,3,37,Card,50,Android,3,1,0,session_7
238,7,2,1,38,Ring,100,Android,1,5,0,session_7
252,7,2,2,38,Implant,100,iOS,1,5,0,session_7
39,7,2,3,38,Card,25,Both,3,1,1,session_7
310,7,3,1,39,Ring,100,Android,5,5,1,session_7
137,7,3,2,39,Bracelet,50,iOS,1,3,0,session_7
226,7,3,3,39,Ring,100,Both,1,5,0,session_7
48,7,4,1,40,Implant,100,Both,3,1,0,session_7
77,7,4,2,40,Bracelet,50,Both,5,1,1,session_7
83,7,4,3,40,Card,100,Both,5,1,0,session_7
184,7,5,1,41,Implant,25,Both,5,3,1,session_7
39,7,5,2,41,Card,25,Both,3,1,0,session_7
196,7,5,3,41,Implant,25,Android,5,3,0,session_7
257,7,6,1,42,Bracelet,50,Both,3,5,0,session_7
168,7,6,2,42,Implant,100,Android,3,3,0,session_7
286,7,6,3,42,Ring,100,iOS,3,5,1,session_7
94,8,1,1,43,Ring,100,Android,5,1,0,session_8
272,8,1,2,43,Implant,50,Android,3,5,0,session_8
310,8,1,3,43,Ring,100,Android,5,5,1,session_8
20,8,2,1,44,Implant,50,Android,1,1,0,session_8
195,8,2,2,44,Card,25,Android,5,3,1,session_8
164,8,2,3,44,Implant,50,Android,3,3,0,session_8
52,8,3,1,45,Implant,25,Android,3,1,0,session_8
22,8,3,2,45,Ring,100,Android,1,1,0,session_8
177,8,3,3,45,Bracelet,100,iOS,3,3,1,session_8
42,8,4,1,46,Ring,50,Both,3,1,0,session_8
315,8,4,2,46,Card,25,iOS,5,5,1,session_8
84,8,4,3,46,Implant,100,Both,5,1,0,session_8
11,8,5,1,47,Card,100,Both,1,1,0,session_8
121,8,5,2,47,Bracelet,25,Android,1,3,0,session_8
302,8,5,3,47,Ring,25,Android,5,5,1,session_8
85,8,6,1,48,Bracelet,25,Android,5,1,0,session_8
194,8,6,2,48,Ring,25,Android,5,3,1,session_8
107,8,6,3,48,Card,100,iOS,5,1,0,session_8
77,9,1,1,49,Bracelet,50,Both,5,1,0,session_9
198,9,1,2,49,Ring,50,Android,5,3,1,session_9
249,9,1,3,49,Bracelet,100,iOS,1,5,0,session_9
200,9,2,1,50,Implant,50,Android,5,3,0,session_9
160,9,2,2,50,Implant,25,Android,3,3,0,session_9
250,9,2,3,50,Ring,100,iOS,1,5,1,session_9
292,9,3,1,51,Implant,25,Both,5,5,1,session_9
16,9,3,2,51,Implant,25,Android,1,1,0,session_9
33,9,3,3,51,Bracelet,100,iOS,1,1,0,session_9
40,9,4,1,52,Implant,25,Both,3,1,1,session_9
10,9,4,2,52,Ring,100,Both,1,1,0,session_9
200,9,4,3,52,Implant,50,Android,5,3,0,session_9
125,9,5,1,53,Bracelet,50,Android,1,3,0,session_9
265,9,5,2,53,Bracelet,25,Android,3,5,0,session_9
263,9,5,3,53,Card,100,Both,3,5,1,session_9
186,9,6,1,54,Ring,50,Both,5,3,1,session_9
61,9,6,2,54,Bracelet,25,iOS,3,1,0,session_9
252,9,6,3,54,Implant,100,iOS,1,5,0,session_9
152,10,1,1,55,Implant,50,Both,3,3,0,session_10
319,10,1,2,55,Card,50,iOS,5,5,1,session_10
54,10,1,3,55,Ring,50,Android,3,1,0,session_10
26,10,2,1,56,Ring,25,iOS,1,1,0,session_10
235,10,2,2,56,Card,50,Android,1,5,0,session_10
289,10,2,3,56,Bracelet,25,Both,5,5,1,session_10
185,10,3,1,57,Bracelet,50,Both,5,3,1,session_10
253,10,3,2,57,Bracelet,25,Both,3,5,0,session_10
115,10,3,3,57,Card,50,Both,1,3,0,session_10
10,10,4,1,58,Ring,100,Both,1,1,0,session_10
309,10,4,2,58,Bracelet,100,Android,5,5,0,session_10
54,10,4,3,58,Ring,50,Android,3,1,1,session_10
205,10,5,1,59,Bracelet,25,iOS,5,3,1,session_10
267,10,5,2,59,Card,25,Android,3,5,0,session_10
25,10,5,3,59,Bracelet,25,iOS,1,1,0,session_10
52,10,6,1,60,Implant,25,Android,3,1,0,session_10
282,10,6,2,60,Ring,50,iOS,3,5,1,session_10
215,10,6,3,60,Card,100,iOS,5,3,0,session_10
160,11,1,1,61,Implant,25,Android,3,3,0,session_11
57,11,1,2,61,Bracelet,100,Android,3,1,0,session_11
105,11,1,3,61,Bracelet,100,iOS,5,1,1,session_11
279,11,2,1,62,Card,25,iOS,3,5,1,session_11
270,11,2,2,62,Ring,50,Android,3,5,0,session_11
134,11,2,3,62,Ring,25,iOS,1,3,0,session_11
129,11,3,1,63,Bracelet,100,Android,1,3,0,session_11
218,11,3,2,63,Ring,25,Both,1,5,1,session_11
106,11,3,3,63,Ring,100,iOS,5,1,0,session_11
186,11,4,1,64,Ring,50,Both,5,3,1,session_11
285,11,4,2,64,Bracelet,100,iOS,3,5,0,session_11
26,11,4,3,64,Ring,25,iOS,1,1,0,session_11
27,11,5,1,65,Card,25,iOS,1,1,0,session_11
7,11,5,2,65,Card,50,Both,1,1,0,session_11
245,11,5,3,65,Bracelet,50,iOS,1,5,1,session_11
154,11,6,1,66,Ring,100,Both,3,3,0,session_11
41,11,6,2,66,Bracelet,50,Both,3,1,0,session_11
212,11,6,3,66,Implant,50,iOS,5,3,1,session_11
222,12,1,1,67,Ring,50,Both,1,5,0,session_12
159,12,1,2,67,Card,25,Android,3,3,0,session_12
145,12,1,3,67,Bracelet,25,Both,3,3,1,session_12
57,12,2,1,68,Bracelet,100,Android,3,1,0,session_12
148,12,2,2,68,Implant,25,Both,3,3,1,session_12
163,12,2,3,68,Card,50,Android,3,3,0,session_12
238,12,3,1,69,Ring,100,Android,1,5,1,session_12
161,12,3,2,69,Bracelet,50,Android,3,3,0,session_12
66,12,3,3,69,Ring,50,iOS,3,1,0,session_12
4,12,4,1,70,Implant,25,Both,1,1,1,session_12
225,12,4,2,70,Bracelet,100,Both,1,5,0,session_12
117,12,4,3,70,Bracelet,100,Both,1,3,0,session_12
25,12,5,1,71,Bracelet,25,iOS,1,1,1,session_12
136,12,5,2,71,Implant,25,iOS,1,3,0,session_12
55,12,5,3,71,Card,50,Android,3,1,0,session_12
217,12,6,1,72,Bracelet,25,Both,1,5,1,session_12
85,12,6,2,72,Bracelet,25,Android,5,1,0,session_12
45,12,6,3,72,Bracelet,100,Both,3,1,0,session_12
146,13,1,1,73,Ring,25,Both,3,3,0,session_13
170,13,1,2,73,Ring,25,iOS,3,3,1,session_13
134,13,1,3,73,Ring,25,iOS,1,3,0,session_13
199,13,2,1,74,Card,50,Android,5,3,1,session_13
176,13,2,2,74,Implant,50,iOS,3,3,0,session_13
245,13,2,3,74,Bracelet,50,iOS,1,5,0,session_13
309,13,3,1,75,Bracelet,100,Android,5,5,0,session_13
104,13,3,2,75,Implant,50,iOS,5,1,1,session_13
324,13,3,3,75,Implant,100,iOS,5,5,0,session_13
319,13,4,1,76,Card,50,iOS,5,5,0,session_13
199,13,4,2,76,Card,50,Android,5,3,0,session_13
210,13,4,3,76,Ring,50,iOS,5,3,1,session_13
225,13,5,1,77,Bracelet,100,Both,1,5,0,session_13
258,13,5,2,77,Ring,50,Both,3,5,1,session_13
177,13,5,3,77,Bracelet,100,iOS,3,3,0,session_13
141,13,6,1,78,Bracelet,100,iOS,1,3,0,session_13
24,13,6,2,78,Implant,100,Android,1,1,0,session_13
130,13,6,3,78,Ring,100,Android,1,3,1,session_13
165,14,1,1,79,Bracelet,100,Android,3,3,0,session_14
191,14,1,2,79,Card,100,Both,5,3,1,session_14
76,14,1,3,79,Implant,25,Both,5,1,0,session_14
269,14,2,1,80,Bracelet,50,Android,3,5,0,session_14
170,14,2,2,80,Ring,25,iOS,3,3,1,session_14
198,14,2,3,80,Ring,50,Android,5,3,0,session_14
234,14,3,1,81,Ring,50,Android,1,5,0,session_14
64,14,3,2,81,Implant,25,iOS,3,1,1,session_14
80,14,3,3,81,Implant,50,Both,5,1,0,session_14
36,14,4,1,82,Implant,100,iOS,1,1,0,session_14
291,14,4,2,82,Card,25,Both,5,5,1,session_14
253,14,4,3,82,Bracelet,25,Both,3,5,0,session_14
323,14,5,1,83,Card,100,iOS,5,5,1,session_14
48,14,5,2,83,Implant,100,Both,3,1,0,session_14
111,14,5,3,83,Card,25,Both,1,3,0,session_14
279,14,6,1,84,Card,25,iOS,3,5,1,session_14
317,14,6,2,84,Bracelet,50,iOS,5,5,0,session_14
295,14,6,3,84,Card,50,Both,5,5,0,session_14
222,15,1,1,85,Ring,50,Both,1,5,0,session_15
287,15,1,2,85,Card,100,iOS,3,5,1,session_15
324,15,1,3,85,Implant,100,iOS,5,5,0,session_15
73,15,2,1,86,Bracelet,25,Both,5,1,0,session_15
292,15,2,2,86,Implant,25,Both,5,5,1,session_15
226,15,2,3,86,Ring,100,Both,1,5,0,session_15
278,15,3,1,87,Ring,25,iOS,3,5,1,session_15
172,15,3,2,87,Implant,25,iOS,3,3,0,session_15
297,15,3,3,87,Bracelet,100,Both,5,5,0,session_15
93,15,4,1,88,Bracelet,100,Android,5,1,0,session_15
125,15,4,2,88,Bracelet,50,Android,1,3,0,session_15
299,15,4,3,88,Card,100,Both,5,5,1,session_15
39,15,5,1,89,Card,25,Both,3,1,1,session_15
237,15,5,2,89,Bracelet,100,Android,1,5,0,session_15
165,15,5,3,89,Bracelet,100,Android,3,3,0,session_15
107,15,6,1,90,Card,100,iOS,5,1,1,session_15
33,15,6,2,90,Bracelet,100,iOS,1,1,0,session_15
83,15,6,3,90,Card,100,Both,5,1,0,session_15
277,16,1,1,91,Bracelet,25,iOS,3,5,1,session_16
209,16,1,2,91,Bracelet,50,iOS,5,3,0,session_16
76,16,1,3,91,Implant,25,Both,5,1,0,session_16
94,16,2,1,92,Ring,100,Android,5,1,0,session_16
291,16,2,2,92,Card,25,Both,5,5,1,session_16
30,16,2,3,92,Ring,50,iOS,1,1,0,session_16
217,16,3,1,93,Bracelet,25,Both,1,5,0,session_16
175,16,3,2,93,Card,50,iOS,3,3,0,session_16
115,16,3,3,93,Card,50,Both,1,3,1,session_16
96,16,4,1,94,Implant,100,Android,5,1,0,session_16
170,16,4,2,94,Ring,25,iOS,3,3,1,session_16
324,16,4,3,94,Implant,100,iOS,5,5,0,session_16
26,16,5,1,95,Ring,25,iOS,1,1,0,session_16
230,16,5,2,95,Ring,25,Android,1,5,1,session_16
148,16,5,3,95,Implant,25,Both,3,3,0,session_16
202,16,6,1,96,Ring,100,Android,5,3,1,session_16
81,16,6,2,96,Bracelet,100,Both,5,1,0,session_16
232,16,6,3,96,Implant,25,Android,1,5,0,session_16
243,17,1,1,97,Card,25,iOS,1,5,1,session_17
106,17,1,2,97,Ring,100,iOS,5,1,0,session_17
11,17,1,3,97,Card,100,Both,1,1,0,session_17
113,17,2,1,98,Bracelet,50,Both,1,3,1,session_17
141,17,2,2,98,Bracelet,100,iOS,1,3,0,session_17
31,17,2,3,98,Card,50,iOS,1,1,0,session_17
115,17,3,1,99,Card,50,Both,1,3,0,session_17
278,17,3,2,99,Ring,25,iOS,3,5,1,session_17
94,17,3,3,99,Ring,100,Android,5,1,0,session_17
202,17,4,1,100,Ring,100,Android,5,3,1,session_17
16,17,4,2,100,Implant,25,Android,1,1,0,session_17
197,17,4,3,100,Bracelet,50,Android,5,3,0,session_17
178,17,5,1,101,Ring,100,iOS,3,3,1,session_17
177,17,5,2,101,Bracelet,100,iOS,3,3,0,session_17
12,17,5,3,101,Implant,100,Both,1,1,0,session_17
66,17,6,1,102,Ring,50,iOS,3,1,1,session_17
50,17,6,2,102,Ring,25,Android,3,1,0,session_17
204,17,6,3,102,Implant,100,Android,5,3,0,session_17
175,18,1,1,103,Card,50,iOS,3,3,0,session_18
134,18,1,2,103,Ring,25,iOS,1,3,1,session_18
122,18,1,3,103,Ring,25,Android,1,3,0,session_18
315,18,2,1,104,Card,25,iOS,5,5,1,session_18
259,18,2,2,104,Card,50,Both,3,5,0,session_18
248,18,2,3,104,Implant,50,iOS,1,5,0,session_18
289,18,3,1,105,Bracelet,25,Both,5,5,1,session_18
48,18,3,2,105,Implant,100,Both,3,1,0,session_18
100,18,3,3,105,Implant,25,iOS,5,1,0,session_18
108,18,4,1,106,Implant,100,iOS,5,1,0,session_18
301,18,4,2,106,Bracelet,25,Android,5,5,1,session_18
10,18,4,3,106,Ring,100,Both,1,1,0,session_18
170,18,5,1,107,Ring,25,iOS,3,3,1,session_18
280,18,5,2,107,Implant,25,iOS,3,5,0,session_18
209,18,5,3,107,Bracelet,50,iOS,5,3,0,session_18
315,18,6,1,108,Card,25,iOS,5,5,1,session_18
137,18,6,2,108,Bracelet,50,iOS,1,3,0,session_18
309,18,6,3,108,Bracelet,100,Android,5,5,0,session_18
108,19,1,1,109,Implant,100,iOS,5,1,0,session_19
8,19,1,2,109,Implant,50,Both,1,1,0,session_19
114,19,1,3,109,Ring,50,Both,1,3,1,session_19
261,19,2,1,110,Bracelet,100,Both,3,5,0,session_19
29,19,2,2,110,Bracelet,50,iOS,1,1,0,session_19
306,19,2,3,110,Ring,50,Android,5,5,1,session_19
74,19,3,1,111,Ring,25,Both,5,1,0,session_19
282,19,3,2,111,Ring,50,iOS,3,5,1,session_19
73,19,3,3,111,Bracelet,25,Both,5,1,0,session_19
267,19,4,1,112,Card,25,Android,3,5,0,session_19
262,19,4,2,112,Ring,100,Both,3,5,1,session_19
224,19,4,3,112,Implant,50,Both,1,5,0,session_19
204,19,5,1,113,Implant,100,Android,5,3,0,session_19
211,19,5,2,113,Card,50,iOS,5,3,1,session_19
219,19,5,3,113,Card,25,Both,1,5,0,session_19
184,19,6,1,114,Implant,25,Both,5,3,1,session_19
155,19,6,2,114,Card,100,Both,3,3,0,session_19
119,19,6,3,114,Card,100,Both,1,3,0,session_19
67,20,1,1,115,Card,50,iOS,3,1,0,session_20
110,20,1,2,115,Ring,25,Both,1,3,0,session_20
134,20,1,3,115,Ring,25,iOS,1,3,1,session_20
36,20,2,1,116,Implant,100,iOS,1,1,0,session_20
55,20,2,2,116,Card,50,Android,3,1,1,session_20
240,20,2,3,116,Implant,100,Android,1,5,0,session_20
120,20,3,1,117,Implant,100,Both,1,3,0,session_20
304,20,3,2,117,Implant,25,Android,5,5,1,session_20
10,20,3,3,117,Ring,100,Both,1,1,0,session_20
153,20,4,1,118,Bracelet,100,Both,3,3,0,session_20
100,20,4,2,118,Implant,25,iOS,5,1,1,session_20
105,20,4,3,118,Bracelet,100,iOS,5,1,0,session_20
281,20,5,1,119,Bracelet,50,iOS,3,5,0,session_20
180,20,5,2,119,Implant,100,iOS,3,3,0,session_20
278,20,5,3,119,Ring,25,iOS,3,5,1,session_20
241,20,6,1,120,Bracelet,25,iOS,1,5,1,session_20
24,20,6,2,120,Implant,100,Android,1,1,0,session_20
167,20,6,3,120,Card,100,Android,3,3,0,session_20
47,21,1,1,121,Card,100,Both,3,1,0,session_21
191,21,1,2,121,Card,100,Both,5,3,1,session_21
37,21,1,3,121,Bracelet,25,Both,3,1,0,session_21
174,21,2,1,122,Ring,50,iOS,3,3,0,session_21
54,21,2,2,122,Ring,50,Android,3,1,0,session_21
303,21,2,3,122,Card,25,Android,5,5,1,session_21
207,21,3,1,123,Card,25,iOS,5,3,1,session_21
19,21,3,2,123,Card,50,Android,1,1,0,session_21
200,21,3,3,123,Implant,50,Android,5,3,0,session_21
159,21,4,1,124,Card,25,Android,3,3,0,session_21
37,21,4,2,124,Bracelet,25,Both,3,1,0,session_21
103,21,4,3,124,Card,50,iOS,5,1,1,session_21
244,21,5,1,125,Implant,25,iOS,1,5,0,session_21
48,21,5,2,125,Implant,100,Both,3,1,0,session_21
188,21,5,3,125,Implant,50,Both,5,3,1,session_21
139,21,6,1,126,Card,50,iOS,1,3,0,session_21
299,21,6,2,126,Card,100,Both,5,5,1,session_21
158,21,6,3,126,Ring,25,Android,3,3,0,session_21
189,22,1,1,127,Bracelet,100,Both,5,3,0,session_22
311,22,1,2,127,Card,100,Android,5,5,0,session_22
324,22,1,3,127,Implant,100,iOS,5,5,1,session_22
57,22,2,1,128,Bracelet,100,Android,3,1,0,session_22
38,22,2,2,128,Ring,25,Both,3,1,1,session_22
84,22,2,3,128,Implant,100,Both,5,1,0,session_22
319,22,3,1,129,Card,50,iOS,5,5,1,session_22
174,22,3,2,129,Ring,50,iOS,3,3,0,session_22
130,22,3,3,129,Ring,100,Android,1,3,0,session_22
120,22,4,1,130,Implant,100,Both,1,3,0,session_22
200,22,4,2,130,Implant,50,Android,5,3,1,session_22
21,22,4,3,130,Bracelet,100,Android,1,1,0,session_22
199,22,5,1,131,Card,50,Android,5,3,1,session_22
87,22,5,2,131,Card,25,Android,5,1,0,session_22
72,22,5,3,131,Implant,100,iOS,3,1,0,session_22
315,22,6,1,132,Card,25,iOS,5,5,1,session_22
202,22,6,2,132,Ring,100,Android,5,3,0,session_22
165,22,6,3,132,Bracelet,100,Android,3,3,0,session_22
81,23,1,1,133,Bracelet,100,Both,5,1,0,session_23
55,23,1,2,133,Card,50,Android,3,1,0,session_23
134,23,1,3,133,Ring,25,iOS,1,3,1,session_23
244,23,2,1,134,Implant,25,iOS,1,5,1,session_23
6,23,2,2,134,Ring,50,Both,1,1,0,session_23
128,23,2,3,134,Implant,50,Android,1,3,0,session_23
156,23,3,1,135,Implant,100,Both,3,3,0,session_23
288,23,3,2,135,Implant,100,iOS,3,5,1,session_23
49,23,3,3,135,Bracelet,25,Android,3,1,0,session_23
227,23,4,1,136,Card,100,Both,1,5,0,session_23
239,23,4,2,136,Card,100,Android,1,5,0,session_23
193,23,4,3,136,Bracelet,25,Android,5,3,1,session_23
197,23,5,1,137,Bracelet,50,Android,5,3,0,session_23
303,23,5,2,137,Card,25,Android,5,5,1,session_23
148,23,5,3,137,Implant,25,Both,3,3,0,session_23
190,23,6,1,138,Ring,100,Both,5,3,1,session_23
112,23,6,2,138,Implant,25,Both,1,3,0,session_23
191,23,6,3,138,Card,100,Both,5,3,0,session_23
119,24,1,1,139,Card,100,Both,1,3,0,session_24
115,24,1,2,139,Card,50,Both,1,3,1,session_24
10,24,1,3,139,Ring,100,Both,1,1,0,session_24
115,24,2,1,140,Card,50,Both,1,3,0,session_24
59,24,2,2,140,Card,100,Android,3,1,0,session_24
305,24,2,3,140,Bracelet,50,Android,5,5,1,session_24
61,24,3,1,141,Bracelet,25,iOS,3,1,0,session_24
108,24,3,2,141,Implant,100,iOS,5,1,0,session_24
292,24,3,3,141,Implant,25,Both,5,5,1,session_24
23,24,4,1,142,Card,100,Android,1,1,0,session_24
115,24,4,2,142,Card,50,Both,1,3,1,session_24
88,24,4,3,142,Implant,25,Android,5,1,0,session_24
132,24,5,1,143,Implant,100,Android,1,3,0,session_24
186,24,5,2,143,Ring,50,Both,5,3,1,session_24
251,24,5,3,143,Card,100,iOS,1,5,0,session_24
203,24,6,1,144,Card,100,Android,5,3,0,session_24
246,24,6,2,144,Ring,50,iOS,1,5,0,session_24
323,24,6,3,144,Card,100,iOS,5,5,1,session_24
178,25,1,1,145,Ring,100,iOS,3,3,1,session_25
251,25,1,2,145,Card,100,iOS,1,5,0,session_25
48,25,1,3,145,Implant,100,Both,3,1,0,session_25
131,25,2,1,146,Card,100,Android,1,3,0,session_25
33,25,2,2,146,Bracelet,100,iOS,1,1,0,session_25
162,25,2,3,146,Ring,50,Android,3,3,1,session_25
322,25,3,1,147,Ring,100,iOS,5,5,1,session_25
64,25,3,2,147,Implant,25,iOS,3,1,0,session_25
168,25,3,3,147,Implant,100,Android,3,3,0,session_25
276,25,4,1,148,Implant,100,Android,3,5,0,session_25
78,25,4,2,148,Ring,50,Both,5,1,1,session_25
153,25,4,3,148,Bracelet,100,Both,3,3,0,session_25
199,25,5,1,149,Card,50,Android,5,3,1,session_25
95,25,5,2,149,Card,100,Android,5,1,0,session_25
221,25,5,3,149,Bracelet,50,Both,1,5,0,session_25
184,25,6,1,150,Implant,25,Both,5,3,1,session_25
161,25,6,2,150,Bracelet,50,Android,3,3,0,session_25
108,25,6,3,150,Implant,100,iOS,5,1,0,session_25
242,26,1,1,151,Ring,25,iOS,1,5,1,session_26
181,26,1,2,151,Bracelet,25,Both,5,3,0,session_26
302,26,1,3,151,Ring,25,Android,5,5,0,session_26
24,26,2,1,152,Implant,100,Android,1,1,0,session_26
316,26,2,2,152,Implant,25,iOS,5,5,1,session_26
229,26,2,3,152,Bracelet,25,Android,1,5,0,session_26
224,26,3,1,153,Implant,50,Both,1,5,0,session_26
273,26,3,2,153,Bracelet,100,Android,3,5,0,session_26
187,26,3,3,153,Card,50,Both,5,3,1,session_26
171,26,4,1,154,Card,25,iOS,3,3,0,session_26
23,26,4,2,154,Card,100,Android,1,1,0,session_26
218,26,4,3,154,Ring,25,Both,1,5,1,session_26
301,26,5,1,155,Bracelet,25,Android,5,5,1,session_26
136,26,5,2,155,Implant,25,iOS,1,3,0,session_26
79,26,5,3,155,Card,50,Both,5,1,0,session_26
164,26,6,1,156,Implant,50,Android,3,3,0,session_26
237,26,6,2,156,Bracelet,100,Android,1,5,0,session_26
67,26,6,3,156,Card,50,iOS,3,1,1,session_26
295,27,1,1,157,Card,50,Both,5,5,1,session_27
218,27,1,2,157,Ring,25,Both,1,5,0,session_27
284,27,1,3,157,Implant,50,iOS,3,5,0,session_27
209,27,2,1,158,Bracelet,50,iOS,5,3,0,session_27
87,27,2,2,158,Card,25,Android,5,1,0,session_27
181,27,2,3,158,Bracelet,25,Both,5,3,1,session_27
138,27,3,1,159,Ring,50,iOS,1,3,1,session_27
41,27,3,2,159,Bracelet,50,Both,3,1,0,session_27
129,27,3,3,159,Bracelet,100,Android,1,3,0,session_27
232,27,4,1,160,Implant,25,Android,1,5,0,session_27
218,27,4,2,160,Ring,25,Both,1,5,1,session_27
127,27,4,3,160,Card,50,Android,1,3,0,session_27
41,27,5,1,161,Bracelet,50,Both,3,1,0,session_27
264,27,5,2,161,Implant,100,Both,3,5,0,session_27
185,27,5,3,161,Bracelet,50,Both,5,3,1,session_27
201,27,6,1,162,Bracelet,100,Android,5,3,1,session_27
52,27,6,2,162,Implant,25,Android,3,1,0,session_27
225,27,6,3,162,Bracelet,100,Both,1,5,0,session_27
67,28,1,1,163,Card,50,iOS,3,1,0,session_28
168,28,1,2,163,Implant,100,Android,3,3,0,session_28
258,28,1,3,163,Ring,50,Both,3,5,1,session_28
65,28,2,1,164,Bracelet,50,iOS,3,1,1,session_28
29,28,2,2,164,Bracelet,50,iOS,1,1,0,session_28
20,28,2,3,164,Implant,50,Android,1,1,0,session_28
206,28,3,1,165,Ring,25,iOS,5,3,1,session_28
124,28,3,2,165,Implant,25,Android,1,3,0,session_28
80,28,3,3,165,Implant,50,Both,5,1,0,session_28
263,28,4,1,166,Card,100,Both,3,5,1,session_28
228,28,4,2,166,Implant,100,Both,1,5,0,session_28
45,28,4,3,166,Bracelet,100,Both,3,1,0,session_28
281,28,5,1,167,Bracelet,50,iOS,3,5,1,session_28
91,28,5,2,167,Card,50,Android,5,1,0,session_28
141,28,5,3,167,Bracelet,100,iOS,1,3,0,session_28
138,28,6,1,168,Ring,50,iOS,1,3,1,session_28
94,28,6,2,168,Ring,100,Android,5,1,0,session_28
127,28,6,3,168,Card,50,Android,1,3,0,session_28
268,29,1,1,169,Implant,25,Android,3,5,0,session_29
8,29,1,2,169,Implant,50,Both,1,1,0,session_29
271,29,1,3,169,Card,50,Android,3,5,1,session_29
83,29,2,1,170,Card,100,Both,5,1,1,session_29
235,29,2,2,170,Card,50,Android,1,5,0,session_29
167,29,2,3,170,Card,100,Android,3,3,0,session_29
255,29,3,1,171,Card,25,Both,3,5,1,session_29
87,29,3,2,171,Card,25,Android,5,1,0,session_29
122,29,3,3,171,Ring,25,Android,1,3,0,session_29
71,29,4,1,172,Card,100,iOS,3,1,0,session_29
260,29,4,2,172,Implant,50,Both,3,5,1,session_29
81,29,4,3,172,Bracelet,100,Both,5,1,0,session_29
264,29,5,1,173,Implant,100,Both,3,5,0,session_29
67,29,5,2,173,Card,50,iOS,3,1,1,session_29
238,29,5,3,173,Ring,100,Android,1,5,0,session_29
270,29,6,1,174,Ring,50,Android,3,5,1,session_29
134,29,6,2,174,Ring,25,iOS,1,3,0,session_29
137,29,6,3,174,Bracelet,50,iOS,1,3,0,session_29
161,30,1,1,175,Bracelet,50,Android,3,3,1,session_30
116,30,1,2,175,Implant,50,Both,1,3,0,session_30
46,30,1,3,175,Ring,100,Both,3,1,0,session_30
64,30,2,1,176,Implant,25,iOS,3,1,0,session_30
19,30,2,2,176,Card,50,Android,1,1,0,session_30
229,30,2,3,176,Bracelet,25,Android,1,5,1,session_30
98,30,3,1,177,Ring,25,iOS,5,1,1,session_30
129,30,3,2,177,Bracelet,100,Android,1,3,0,session_30
220,30,3,3,177,Implant,25,Both,1,5,0,session_30
180,30,4,1,178,Implant,100,iOS,3,3,0,session_30
222,30,4,2,178,Ring,50,Both,1,5,0,session_30
90,30,4,3,178,Ring,50,Android,5,1,1,session_30
122,30,5,1,179,Ring,25,Android,1,3,0,session_30
275,30,5,2,179,Card,100,Android,3,5,0,session_30
291,30,5,3,179,Card,25,Both,5,5,1,session_30
231,30,6,1,180,Card,25,Android,1,5,0,session_30
197,30,6,2,180,Bracelet,50,Android,5,3,0,session_30
317,30,6,3,180,Bracelet,50,iOS,5,5,1,session_30
169,31,1,1,181,Bracelet,25,iOS,3,3,1,session_31
217,31,1,2,181,Bracelet,25,Both,1,5,0,session_31
49,31,1,3,181,Bracelet,25,Android,3,1,0,session_31
69,31,2,1,182,Bracelet,100,iOS,3,1,0,session_31
320,31,2,2,182,Implant,50,iOS,5,5,1,session_31
76,31,2,3,182,Implant,25,Both,5,1,0,session_31
2,31,3,1,183,Ring,25,Both,1,1,0,session_31
274,31,3,2,183,Ring,100,Android,3,5,1,session_31
260,31,3,3,183,Implant,50,Both,3,5,0,session_31
106,31,4,1,184,Ring,100,iOS,5,1,1,session_31
111,31,4,2,184,Card,25,Both,1,3,0,session_31
72,31,4,3,184,Implant,100,iOS,3,1,0,session_31
229,31,5,1,185,Bracelet,25,Android,1,5,0,session_31
11,31,5,2,185,Card,100,Both,1,1,0,session_31
207,31,5,3,185,Card,25,iOS,5,3,1,session_31
56,31,6,1,186,Implant,50,Android,3,1,0,session_31
106,31,6,2,186,Ring,100,iOS,5,1,1,session_31
271,31,6,3,186,Card,50,Android,3,5,0,session_31
207,32,1,1,187,Card,25,iOS,5,3,1,session_32
89,32,1,2,187,Bracelet,50,Android,5,1,0,session_32
292,32,1,3,187,Implant,25,Both,5,5,0,session_32
263,32,2,1,188,Card,100,Both,3,5,1,session_32
68,32,2,2,188,Implant,50,iOS,3,1,0,session_32
120,32,2,3,188,Implant,100,Both,1,3,0,session_32
232,32,3,1,189,Implant,25,Android,1,5,0,session_32
53,32,3,2,189,Bracelet,50,Android,3,1,0,session_32
280,32,3,3,189,Implant,25,iOS,3,5,1,session_32
230,32,4,1,190,Ring,25,Android,1,5,0,session_32
323,32,4,2,190,Card,100,iOS,5,5,1,session_32
11,32,4,3,190,Card,100,Both,1,1,0,session_32
74,32,5,1,191,Ring,25,Both,5,1,1,session_32
256,32,5,2,191,Implant,25,Both,3,5,0,session_32
88,32,5,3,191,Implant,25,Android,5,1,0,session_32
11,32,6,1,192,Card,100,Both,1,1,0,session_32
74,32,6,2,192,Ring,25,Both,5,1,1,session_32
243,32,6,3,192,Card,25,iOS,1,5,0,session_32
188,33,1,1,193,Implant,50,Both,5,3,0,session_33
287,33,1,2,193,Card,100,iOS,3,5,1,session_33
173,33,1,3,193,Bracelet,50,iOS,3,3,0,session_33
315,33,2,1,194,Card,25,iOS,5,5,1,session_33
280,33,2,2,194,Implant,25,iOS,3,5,0,session_33
291,33,2,3,194,Card,25,Both,5,5,0,session_33
242,33,3,1,195,Ring,25,iOS,1,5,1,session_33
266,33,3,2,195,Ring,25,Android,3,5,0,session_33
64,33,3,3,195,Implant,25,iOS,3,1,0,session_33
172,33,4,1,196,Implant,25,iOS,3,3,0,session_33
298,33,4,2,196,Ring,100,Both,5,5,1,session_33
160,33,4,3,196,Implant,25,Android,3,3,0,session_33
167,33,5,1,197,Card,100,Android,3,3,0,session_33
166,33,5,2,197,Ring,100,Android,3,3,1,session_33
17,33,5,3,197,Bracelet,50,Android,1,1,0,session_33
229,33,6,1,198,Bracelet,25,Android,1,5,0,session_33
79,33,6,2,198,Card,50,Both,5,1,1,session_33
227,33,6,3,198,Card,100,Both,1,5,0,session_33
322,34,1,1,199,Ring,100,iOS,5,5,0,session_34
110,34,1,2,199,Ring,25,Both,1,3,0,session_34
315,34,1,3,199,Card,25,iOS,5,5,1,session_34
243,34,2,1,200,Card,25,iOS,1,5,1,session_34
265,34,2,2,200,Bracelet,25,Android,3,5,0,session_34
23,34,2,3,200,Card,100,Android,1,1,0,session_34
281,34,3,1,201,Bracelet,50,iOS,3,5,1,session_34
112,34,3,2,201,Implant,25,Both,1,3,0,session_34
93,34,3,3,201,Bracelet,100,Android,5,1,0,session_34
277,34,4,1,202,Bracelet,25,iOS,3,5,1,session_34
119,34,4,2,202,Card,100,Both,1,3,0,session_34
48,34,4,3,202,Implant,100,Both,3,1,0,session_34
248,34,5,1,203,Implant,50,iOS,1,5,0,session_34
105,34,5,2,203,Bracelet,100,iOS,5,1,0,session_34
171,34,5,3,203,Card,25,iOS,3,3,1,session_34
184,34,6,1,204,Implant,25,Both,5,3,1,session_34
4,34,6,2,204,Implant,25,Both,1,1,0,session_34
312,34,6,3,204,Implant,100,Android,5,5,0,session_34
50,35,1,1,205,Ring,25,Android,3,1,0,session_35
139,35,1,2,205,Card,50,iOS,1,3,1,session_35
246,35,1,3,205,Ring,50,iOS,1,5,0,session_35
316,35,2,1,206,Implant,25,iOS,5,5,1,session_35
250,35,2,2,206,Ring,100,iOS,1,5,0,session_35
230,35,2,3,206,Ring,25,Android,1,5,0,session_35
85,35,3,1,207,Bracelet,25,Android,5,1,1,session_35
121,35,3,2,207,Bracelet,25,Android,1,3,0,session_35
114,35,3,3,207,Ring,50,Both,1,3,0,session_35
195,35,4,1,208,Card,25,Android,5,3,0,session_35
99,35,4,2,208,Card,25,iOS,5,1,0,session_35
98,35,4,3,208,Ring,25,iOS,5,1,1,session_35
58,35,5,1,209,Ring,100,Android,3,1,1,session_35
13,35,5,2,209,Bracelet,25,Android,1,1,0,session_35
8,35,5,3,209,Implant,50,Both,1,1,0,session_35
258,35,6,1,210,Ring,50,Both,3,5,1,session_35
123,35,6,2,210,Card,25,Android,1,3,0,session_35
262,35,6,3,210,Ring,100,Both,3,5,0,session_35
87,36,1,1,211,Card,25,Android,5,1,0,session_36
17,36,1,2,211,Bracelet,50,Android,1,1,0,session_36
206,36,1,3,211,Ring,25,iOS,5,3,1,session_36
199,36,2,1,212,Card,50,Android,5,3,1,session_36
77,36,2,2,212,Bracelet,50,Both,5,1,0,session_36
234,36,2,3,212,Ring,50,Android,1,5,0,session_36
17,36,3,1,213,Bracelet,50,Android,1,1,0,session_36
55,36,3,2,213,Card,50,Android,3,1,1,session_36
19,36,3,3,213,Card,50,Android,1,1,0,session_36
241,36,4,1,214,Bracelet,25,iOS,1,5,0,session_36
271,36,4,2,214,Card,50,Android,3,5,0,session_36
218,36,4,3,214,Ring,25,Both,1,5,1,session_36
155,36,5,1,215,Card,100,Both,3,3,0,session_36
209,36,5,2,215,Bracelet,50,iOS,5,3,1,session_36
33,36,5,3,215,Bracelet,100,iOS,1,1,0,session_36
306,36,6,1,216,Ring,50,Android,5,5,1,session_36
274,36,6,2,216,Ring,100,Android,3,5,0,session_36
148,36,6,3,216,Implant,25,Both,3,3,0,session_36
298,37,1,1,217,Ring,100,Both,5,5,0,session_37
74,37,1,2,217,Ring,25,Both,5,1,1,session_37
53,37,1,3,217,Bracelet,50,Android,3,1,0,session_37
319,37,2,1,218,Card,50,iOS,5,5,1,session_37
159,37,2,2,218,Card,25,Android,3,3,0,session_37
55,37,2,3,218,Card,50,Android,3,1,0,session_37
247,37,3,1,219,Card,50,iOS,1,5,1,session_37
18,37,3,2,219,Ring,50,Android,1,1,0,session_37
44,37,3,3,219,Implant,50,Both,3,1,0,session_37
21,37,4,1,220,Bracelet,100,Android,1,1,0,session_37
29,37,4,2,220,Bracelet,50,iOS,1,1,0,session_37
84,37,4,3,220,Implant,100,Both,5,1,1,session_37
23,37,5,1,221,Card,100,Android,1,1,0,session_37
42,37,5,2,221,Ring,50,Both,3,1,1,session_37
197,37,5,3,221,Bracelet,50,Android,5,3,0,session_37
194,37,6,1,222,Ring,25,Android,5,3,0,session_37
82,37,6,2,222,Ring,100,Both,5,1,0,session_37
318,37,6,3,222,Ring,50,iOS,5,5,1,session_37
64,38,1,1,223,Implant,25,iOS,3,1,0,session_38
77,38,1,2,223,Bracelet,50,Both,5,1,0,session_38
107,38,1,3,223,Card,100,iOS,5,1,1,session_38
179,38,2,1,224,Card,100,iOS,3,3,0,session_38
146,38,2,2,224,Ring,25,Both,3,3,1,session_38
266,38,2,3,224,Ring,25,Android,3,5,0,session_38
201,38,3,1,225,Bracelet,100,Android,5,3,0,session_38
200,38,3,2,225,Implant,50,Android,5,3,1,session_38
237,38,3,3,225,Bracelet,100,Android,1,5,0,session_38
258,38,4,1,226,Ring,50,Both,3,5,1,session_38
254,38,4,2,226,Ring,25,Both,3,5,0,session_38
112,38,4,3,226,Implant,25,Both,1,3,0,session_38
5,38,5,1,227,Bracelet,50,Both,1,1,0,session_38
100,38,5,2,227,Implant,25,iOS,5,1,1,session_38
143,38,5,3,227,Card,100,iOS,1,3,0,session_38
234,38,6,1,228,Ring,50,Android,1,5,0,session_38
103,38,6,2,228,Card,50,iOS,5,1,1,session_38
58,38,6,3,228,Ring,100,Android,3,1,0,session_38
290,39,1,1,229,Ring,25,Both,5,5,1,session_39
287,39,1,2,229,Card,100,iOS,3,5,0,session_39
18,39,1,3,229,Ring,50,Android,1,1,0,session_39
302,39,2,1,230,Ring,25,Android,5,5,1,session_39
265,39,2,2,230,Bracelet,25,Android,3,5,0,session_39
79,39,2,3,230,Card,50,Both,5,1,0,session_39
135,39,3,1,231,Card,25,iOS,1,3,0,session_39
321,39,3,2,231,Bracelet,100,iOS,5,5,1,session_39
9,39,3,3,231,Bracelet,100,Both,1,1,0,session_39
281,39,4,1,232,Bracelet,50,iOS,3,5,1,session_39
130,39,4,2,232,Ring,100,Android,1,3,0,session_39
196,39,4,3,232,Implant,25,Android,5,3,0,session_39
40,39,5,1,233,Implant,25,Both,3,1,0,session_39
148,39,5,2,233,Implant,25,Both,3,3,0,session_39
139,39,5,3,233,Card,50,iOS,1,3,1,session_39
18,39,6,1,234,Ring,50,Android,1,1,0,session_39
67,39,6,2,234,Card,50,iOS,3,1,1,session_39
220,39,6,3,234,Implant,25,Both,1,5,0,session_39
93,40,1,1,235,Bracelet,100,Android,5,1,0,session_40
39,40,1,2,235,Card,25,Both,3,1,1,session_40
151,40,1,3,235,Card,50,Both,3,3,0,session_40
79,40,2,1,236,Card,50,Both,5,1,1,session_40
168,40,2,2,236,Implant,100,Android,3,3,0,session_40
161,40,2,3,236,Bracelet,50,Android,3,3,0,session_40
29,40,3,1,237,Bracelet,50,iOS,1,1,0,session_40
121,40,3,2,237,Bracelet,25,Android,1,3,0,session_40
241,40,3,3,237,Bracelet,25,iOS,1,5,1,session_40
153,40,4,1,238,Bracelet,100,Both,3,3,0,session_40
42,40,4,2,238,Ring,50,Both,3,1,1,session_40
44,40,4,3,238,Implant,50,Both,3,1,0,session_40
224,40,5,1,239,Implant,50,Both,1,5,0,session_40
8,40,5,2,239,Implant,50,Both,1,1,0,session_40
39,40,5,3,239,Card,25,Both,3,1,1,session_40
321,40,6,1,240,Bracelet,100,iOS,5,5,0,session_40
314,40,6,2,240,Ring,25,iOS,5,5,1,session_40
217,40,6,3,240,Bracelet,25,Both,1,5,0,session_40
184,41,1,1,241,Implant,25,Both,5,3,0,session_41
171,41,1,2,241,Card,25,iOS,3,3,1,session_41
56,41,1,3,241,Implant,50,Android,3,1,0,session_41
278,41,2,1,242,Ring,25,iOS,3,5,1,session_41
99,41,2,2,242,Card,25,iOS,5,1,0,session_41
142,41,2,3,242,Ring,100,iOS,1,3,0,session_41
229,41,3,1,243,Bracelet,25,Android,1,5,0,session_41
64,41,3,2,243,Implant,25,iOS,3,1,0,session_41
242,41,3,3,243,Ring,25,iOS,1,5,1,session_41
280,41,4,1,244,Implant,25,iOS,3,5,1,session_41
222,41,4,2,244,Ring,50,Both,1,5,0,session_41
8,41,4,3,244,Implant,50,Both,1,1,0,session_41
148,41,5,1,245,Implant,25,Both,3,3,0,session_41
74,41,5,2,245,Ring,25,Both,5,1,1,session_41
86,41,5,3,245,Ring,25,Android,5,1,0,session_41
17,41,6,1,246,Bracelet,50,Android,1,1,0,session_41
137,41,6,2,246,Bracelet,50,iOS,1,3,0,session_41
163,41,6,3,246,Card,50,Android,3,3,1,session_41
185,42,1,1,247,Bracelet,50,Both,5,3,1,session_42
144,42,1,2,247,Implant,100,iOS,1,3,0,session_42
308,42,1,3,247,Implant,50,Android,5,5,0,session_42
35,42,2,1,248,Card,100,iOS,1,1,0,session_42
26,42,2,2,248,Ring,25,iOS,1,1,0,session_42
269,42,2,3,248,Bracelet,50,Android,3,5,1,session_42
36,42,3,1,249,Implant,100,iOS,1,1,0,session_42
175,42,3,2,249,Card,50,iOS,3,3,1,session_42
28,42,3,3,249,Implant,25,iOS,1,1,0,session_42
157,42,4,1,250,Bracelet,25,Android,3,3,0,session_42
300,42,4,2,250,Implant,100,Both,5,5,0,session_42
310,42,4,3,250,Ring,100,Android,5,5,1,session_42
153,42,5,1,251,Bracelet,100,Both,3,3,0,session_42
285,42,5,2,251,Bracelet,100,iOS,3,5,0,session_42
148,42,5,3,251,Implant,25,Both,3,3,1,session_42
93,42,6,1,252,Bracelet,100,Android,5,1,0,session_42
269,42,6,2,252,Bracelet,50,Android,3,5,0,session_42
205,42,6,3,252,Bracelet,25,iOS,5,3,1,session_42
163,43,1,1,253,Card,50,Android,3,3,1,session_43
5,43,1,2,253,Bracelet,50,Both,1,1,0,session_43
56,43,1,3,253,Implant,50,Android,3,1,0,session_43
77,43,2,1,254,Bracelet,50,Both,5,1,0,session_43
172,43,2,2,254,Implant,25,iOS,3,3,1,session_43
72,43,2,3,254,Implant,100,iOS,3,1,0,session_43
126,43,3,1,255,Ring,50,Android,1,3,0,session_43
152,43,3,2,255,Implant,50,Both,3,3,0,session_43
208,43,3,3,255,Implant,25,iOS,5,3,1,session_43
75,43,4,1,256,Card,25,Both,5,1,1,session_43
87,43,4,2,256,Card,25,Android,5,1,0,session_43
94,43,4,3,256,Ring,100,Android,5,1,0,session_43
304,43,5,1,257,Implant,25,Android,5,5,0,session_43
271,43,5,2,257,Card,50,Android,3,5,0,session_43
321,43,5,3,257,Bracelet,100,iOS,5,5,1,session_43
182,43,6,1,258,Ring,25,Both,5,3,1,session_43
266,43,6,2,258,Ring,25,Android,3,5,0,session_43
86,43,6,3,258,Ring,25,Android,5,1,0,session_43
42,44,1,1,259,Ring,50,Both,3,1,0,session_44
100,44,1,2,259,Implant,25,iOS,5,1,1,session_44
25,44,1,3,259,Bracelet,25,iOS,1,1,0,session_44
94,44,2,1,260,Ring,100,Android,5,1,0,session_44
180,44,2,2,260,Implant,100,iOS,3,3,0,session_44
293,44,2,3,260,Bracelet,50,Both,5,5,1,session_44
27,44,3,1,261,Card,25,iOS,1,1,0,session_44
201,44,3,2,261,Bracelet,100,Android,5,3,0,session_44
211,44,3,3,261,Card,50,iOS,5,3,1,session_44
35,44,4,1,262,Card,100,iOS,1,1,0,session_44
191,44,4,2,262,Card,100,Both,5,3,1,session_44
76,44,4,3,262,Implant,25,Both,5,1,0,session_44
207,44,5,1,263,Card,25,iOS,5,3,0,session_44
291,44,5,2,263,Card,25,Both,5,5,1,session_44
157,44,5,3,263,Bracelet,25,Android,3,3,0,session_44
34,44,6,1,264,Ring,100,iOS,1,1,0,session_44
201,44,6,2,264,Bracelet,100,Android,5,3,0,session_44
303,44,6,3,264,Card,25,Android,5,5,1,session_44
129,45,1,1,265,Bracelet,100,Android,1,3,0,session_45
266,45,1,2,265,Ring,25,Android,3,5,1,session_45
169,45,1,3,265,Bracelet,25,iOS,3,3,0,session_45
39,45,2,1,266,Card,25,Both,3,1,0,session_45
242,45,2,2,266,Ring,25,iOS,1,5,1,session_45
215,45,2,3,266,Card,100,iOS,5,3,0,session_45
103,45,3,1,267,Card,50,iOS,5,1,1,session_45
80,45,3,2,267,Implant,50,Both,5,1,0,session_45
2,45,3,3,267,Ring,25,Both,1,1,0,session_45
162,45,4,1,268,Ring,50,Android,3,3,0,session_45
78,45,4,2,268,Ring,50,Both,5,1,1,session_45
158,45,4,3,268,Ring,25,Android,3,3,0,session_45
156,45,5,1,269,Implant,100,Both,3,3,0,session_45
215,45,5,2,269,Card,100,iOS,5,3,0,session_45
186,45,5,3,269,Ring,50,Both,5,3,1,session_45
286,45,6,1,270,Ring,100,iOS,3,5,0,session_45
217,45,6,2,270,Bracelet,25,Both,1,5,0,session_45
195,45,6,3,270,Card,25,Android,5,3,1,session_45
187,46,1,1,271,Card,50,Both,5,3,1,session_46
115,46,1,2,271,Card,50,Both,1,3,0,session_46
238,46,1,3,271,Ring,100,Android,1,5,0,session_46
48,46,2,1,272,Implant,100,Both,3,1,0,session_46
138,46,2,2,272,Ring,50,iOS,1,3,1,session_46
28,46,2,3,272,Implant,25,iOS,1,1,0,session_46
204,46,3,1,273,Implant,100,Android,5,3,0,session_46
242,46,3,2,273,Ring,25,iOS,1,5,1,session_46
44,46,3,3,273,Implant,50,Both,3,1,0,session_46
161,46,4,1,274,Bracelet,50,Android,3,3,0,session_46
164,46,4,2,274,Implant,50,Android,3,3,1,session_46
115,46,4,3,274,Card,50,Both,1,3,0,session_46
77,46,5,1,275,Bracelet,50,Both,5,1,0,session_46
174,46,5,2,275,Ring,50,iOS,3,3,1,session_46
94,46,5,3,275,Ring,100,Android,5,1,0,session_46
119,46,6,1,276,Card,100,Both,1,3,0,session_46
146,46,6,2,276,Ring,25,Both,3,3,1,session_46
103,46,6,3,276,Card,50,iOS,5,1,0,session_46
282,47,1,1,277,Ring,50,iOS,3,5,1,session_47
292,47,1,2,277,Implant,25,Both,5,5,0,session_47
56,47,1,3,277,Implant,50,Android,3,1,0,session_47
313,47,2,1,278,Bracelet,25,iOS,5,5,1,session_47
3,47,2,2,278,Card,25,Both,1,1,0,session_47
217,47,2,3,278,Bracelet,25,Both,1,5,0,session_47
11,47,3,1,279,Card,100,Both,1,1,0,session_47
51,47,3,2,279,Card,25,Android,3,1,1,session_47
272,47,3,3,279,Implant,50,Android,3,5,0,session_47
11,47,4,1,280,Card,100,Both,1,1,0,session_47
230,47,4,2,280,Ring,25,Android,1,5,0,session_47
223,47,4,3,280,Card,50,Both,1,5,1,session_47
101,47,5,1,281,Bracelet,50,iOS,5,1,0,session_47
145,47,5,2,281,Bracelet,25,Both,3,3,1,session_47
133,47,5,3,281,Bracelet,25,iOS,1,3,0,session_47
115,47,6,1,282,Card,50,Both,1,3,0,session_47
243,47,6,2,282,Card,25,iOS,1,5,1,session_47
96,47,6,3,282,Implant,100,Android,5,1,0,session_47
318,48,1,1,283,Ring,50,iOS,5,5,1,session_48
91,48,1,2,283,Card,50,Android,5,1,0,session_48
89,48,1,3,283,Bracelet,50,Android,5,1,0,session_48
143,48,2,1,284,Card,100,iOS,1,3,0,session_48
123,48,2,2,284,Card,25,Android,1,3,0,session_48
291,48,2,3,284,Card,25,Both,5,5,1,session_48
30,48,3,1,285,Ring,50,iOS,1,1,1,session_48
162,48,3,2,285,Ring,50,Android,3,3,0,session_48
69,48,3,3,285,Bracelet,100,iOS,3,1,0,session_48
130,48,4,1,286,Ring,100,Android,1,3,0,session_48
208,48,4,2,286,Implant,25,iOS,5,3,1,session_48
23,48,4,3,286,Card,100,Android,1,1,0,session_48
216,48,5,1,287,Implant,100,iOS,5,3,0,session_48
277,48,5,2,287,Bracelet,25,iOS,3,5,1,session_48
275,48,5,3,287,Card,100,Android,3,5,0,session_48
211,48,6,1,288,Card,50,iOS,5,3,0,session_48
324,48,6,2,288,Implant,100,iOS,5,5,1,session_48
197,48,6,3,288,Bracelet,50,Android,5,3,0,session_48
173,49,1,1,289,Bracelet,50,iOS,3,3,0,session_49
208,49,1,2,289,Implant,25,iOS,5,3,1,session_49
32,49,1,3,289,Implant,50,iOS,1,1,0,session_49
48,49,2,1,290,Implant,100,Both,3,1,0,session_49
271,49,2,2,290,Card,50,Android,3,5,1,session_49
154,49,2,3,290,Ring,100,Both,3,3,0,session_49
35,49,3,1,291,Card,100,iOS,1,1,0,session_49
55,49,3,2,291,Card,50,Android,3,1,0,session_49
152,49,3,3,291,Implant,50,Both,3,3,1,session_49
17,49,4,1,292,Bracelet,50,Android,1,1,0,session_49
186,49,4,2,292,Ring,50,Both,5,3,1,session_49
269,49,4,3,292,Bracelet,50,Android,3,5,0,session_49
324,49,5,1,293,Implant,100,iOS,5,5,1,session_49
127,49,5,2,293,Card,50,Android,1,3,0,session_49
25,49,5,3,293,Bracelet,25,iOS,1,1,0,session_49
29,49,6,1,294,Bracelet,50,iOS,1,1,0,session_49
181,49,6,2,294,Bracelet,25,Both,5,3,1,session_49
16,49,6,3,294,Implant,25,Android,1,1,0,session_49
